id,song_id,name,key,variation,duration_seconds,drive_vs_url,youtube_url,spotify_url,lyrics,chords,is_chords_approved,created_at
0196ef5b-5535-4e7c-b5f0-be2a2a047446,59a43686-259f-48a3-a1ed-fd0358c13098,Original,E,Original,0,https://drive.google.com/file/d/1yOqUg3GCeoVGjD7WDfjQdLlOuAOJUXHn/view?usp=drive_link,https://www.youtube.com/watch?v=9SYRUxsqAnU&list=RD9SYRUxsqAnU&start_radio=1&pp=ygUcZXUgdGUgbG91dmFyZWkgbWV1IGJvbSBqZXN1c6AHAQ%3D%3D,,,,false,2026-08-17 17:00:26.977722+00
03d6b385-f8b8-4a05-ad76-baef10645865,54c3ee52-bdc2-4545-8847-9473a50c10b1,Original,C#,Original,0,https://drive.google.com/file/d/1cNQGRoOmOe2FaB0yddhbLI5wM4aSUmSJ/view?usp=drive_link,https://youtu.be/oNcQfgsa0Cs?list=RDoNcQfgsa0Cs,,,,false,2026-08-17 17:00:28.616355+00
0433003d-84d1-4fcb-9b45-2a6cb6aa317d,a104cc0a-7d4f-4924-9306-7441b8240ada,Original,B,Original,0,https://drive.google.com/file/d/1WBvxwhs65dc9BVmxl-zZeYbFB05PQifL/view?usp=drive_link,https://www.youtube.com/watch?v=nSvxVCdj_gU&list=RDnSvxVCdj_gU&start_radio=1&pp=ygUMRVUgTkFWRUdBUkVJoAcB,,,,false,2026-08-17 17:00:26.773637+00
0516586e-be9c-4019-85e3-7d88f3929d71,6e1b10cf-91fc-408a-a74d-cbf060e5ec12,Original,B,Original,0,https://drive.google.com/file/d/1s_I2ffPMwnOJJflghtcfuyH4Ll714lZN/view?usp=drive_link,https://www.youtube.com/watch?v=nN34u0XraZ8&list=RDnN34u0XraZ8&start_radio=1&pp=ygUUdGUgZXNwZXJhbW9zIHNhbHZhb26gBwE%3D,,,,false,2026-08-17 17:00:33.20593+00
06151a94-0009-44f3-90a3-0b32458c30c8,9ef39002-ead9-49c6-943b-a955a3adf2e0,Original,C,Original,0,https://drive.google.com/file/d/1mcBmrZ_brxiZEe1tqx85Pm8BeUMmbOZb/view?usp=drive_link,https://youtu.be/OR4At_PbHw0?list=RDOR4At_PbHw0,,,,false,2026-08-17 17:00:31.109396+00
0678a9b2-0992-4365-baaf-59c63aa3c86f,b4d74ab6-6e2c-4ad8-ab54-27495d5b392f,Original,C,Original,0,https://drive.google.com/file/d/1W72ZpgFAEvkb3tMSh4EIXDgeceFAvRKN/view?usp=drivesdk,https://www.youtube.com/watch?v=ePdRgBWhvog&list=RDePdRgBWhvog&start_radio=1&pp=ygUhw6kgdHVkbyBzb2JyZSB2b2PDqmRlIGRldXMgYmV0aGVsoAcB,,,,false,2026-08-17 17:00:24.87931+00
073fda5b-0258-4191-ba9a-a0e7f933990b,bcfc5360-f452-4d73-af30-6b49fa971eaa,Original,D,Original,0,https://www.youtube.com/watch?v=1Xprfo5-6OU&list=RD1Xprfo5-6OU&start_radio=1&pp=ygURc2FudG8gZXNwaXJpdG8gcGOgBwE%3D,https://youtu.be/J2rTdu7vqTE?si=zNe5hnRCFM-ZxMWb,,,,false,2026-08-17 17:00:32.471196+00
0e9a8941-7d89-4b07-91ff-d734d9c19deb,0eb31316-c95b-4a46-a75b-62ab5b6cbfb4,Original,D,Original,0,https://drive.google.com/file/d/1j6CxsoHjY_VBWAUyqkLKVUbbSv3h8_7H/view?usp=drivesdk,https://www.youtube.com/watch?v=dlGOiuxSzVw&list=RDdlGOiuxSzVw&start_radio=1&pp=ygUJYm9hIHBhcnRloAcB,,,,false,2026-08-17 17:00:22.869386+00
0ed09acb-7d3e-496f-90f4-859635616a93,917c0a38-8065-4af5-b0ec-87225db8cf92,Original,C,Original,0,,,,"Lutamos com 
Armas de fé

E nada 
Irá resistir

Enquanto adoramos

Em meio 
Ás tribulações

O nosso Deus 
É vencedor

Nós O adoramos

Vitorioso És

Na tempestade 
Estás

Teu nome 
Infalível é

Os reinos 
Vêm e vão

Teu trono 
Acima está

Teu nome 
Imutável é

O inferno 
Não prevaleceu

E nada irá 
Me impedir

Eu Te adorarei

Muralhas 
Vão estremecer

Cadeias irão 
Se romper

Enquanto adoramos

Oh, oh, oh

Vitorioso És
Na tempestade estás

Teu nome 
Infalível é

Os reinos 
Vêm e vão

Teu trono 
Acima está

Teu nome 
Imutável é

Como um trovão
Impetuoso

Poderoso És
Grandioso És

Que venha o céu
Nós proclamamos

Poderoso És
Grandioso És

Como um trovão
Impetuoso

Poderoso És
Grandioso És

Que venha o céu
Nós proclamamos

Poderoso És
Grandioso És

Vitorioso És
Na tempestade estás

Teu nome 
Infalível é

Os reinos 
Vêm e vão

Teu trono 
Acima está

Teu nome 
Imutável é

Como um trovão
Impetuoso

Poderoso És
Grandioso És

Que venha o céu
Nós proclamamos

Poderoso És
Grandioso És

Deus vai Na frente 
Abrindo caminho

Quebrando as Correntes 
tirando Os espinhos

Ordena aos 
Anjos pra Contigo lutar

Ele abre as portas 
Pra ninguém mais Fechar

Ele trabalha pra 
O que nele confia

Caminha contigo 
De noite ou de dia

Erga suas mãos
Sua bênção chegou

Comece a cantar 
Com muito louvor

Com muito louvor
Com muito louvor

Com muito louvor
Com muito louvor

Com muito louvor
Com muito louvor

Com muito louvor

Deus vai na frente 
Abrindo caminho

Quebrando as 
Correntes, tirando 
Os espinhos

Ordena aos anjos 
Pra contigo lutar

Ele abre as portas 
Pra ninguém mais 
Fechar

Ele trabalha pra 
O que nele confia

Caminha contigo 
De noite ou de dia

Erga suas mãos
Sua bênção chegou

Comece a cantar 
Com muito louvor

Com muito louvor
Com muito louvor

Com muito louvor
Com muito louvor

Com muito louvor
Com muito louvor

Com muito louvor

Santo
Santo

É o Senhor Deus 
Poderoso

Digno de louvor
Digno de louvor

Tu És Santo
Santo

É o Senhor Deus 
Poderoso

Digno de louvor
Digno de louvor

Tu És Santo
Santo

É o Senhor Deus 
Poderoso

Digno de louvor
Digno de louvor

Tu És Santo
Santo

É o Senhor Deus 
Poderoso

Digno de louvor
Digno de louvor

Tu És Santo
Santo

É o Senhor Deus 
Poderoso

Digno de louvor
Digno de louvor

Tu És Santo
Santo

É o Senhor Deus 
Poderoso

Digno de louvor
Digno de louvor

Amém",,false,2026-08-17 17:07:12.877839+00
11eca13a-6035-4693-99c0-4c7cdb4101f9,46c84636-9fe4-4389-bec2-a46232b2b22e,Original,C,Original,0,https://drive.google.com/file/d/1T1aZUx5yE2YuXkttBGIr4m_AOJoub-eI/view?usp=sharing,https://www.youtube.com/watch?v=N2O9nvpnj3w&list=RDN2O9nvpnj3w&start_radio=1&pp=ygUbbWV1IGx1Z2FyIMOpIGFxdWkgYWx0b21vbnRloAcB,,,,false,2026-08-17 17:00:29.250698+00
124e108e-a467-4989-99e9-074e37b1fd86,12732f91-4dcf-4d2d-a480-19ee1c1e1249,Original,C,Original,0,,,,"Muitos confiam em carros

E outros em seus cavaleiros

Muitos te louvam com lábios

E o coração dividido

Perdidos
Dentro da casa do Pai

Já não se lembram

Que o Céu é real

Tão ocupados

Com coisas banais

Abra os nossos
Olhos espirituais

Porque pararam
De falar do Céu

Acham que Cristo

Não vai mais voltar

Já não se fala tanto

Em oração e santificação

Não querem mais pregar

Porque pararam
De falar do Céu

E só se fala
Em bens materiais

Mas eu sei que
Dentro da igreja

Existe uma igreja espiritual

Levanta essa geração

Desperta, igreja, em oração

Faz arder de novo
Reacende o fogo

Levanta essa geração

Traz de volta a visão

Onde tudo começou

De volta ao primeiro amor

Reacende a chama

Vem nos restaurar

Como em ""Atos 2""

Desce aqui neste lugar

 

Oh Oh Oh",,false,2026-08-17 17:07:11.098665+00
14808bce-a2d0-4161-b366-a4322ea594d0,0bd933cb-3b6b-4246-b245-fe37c4733dcc,Original,Bm,Original,0,https://drive.google.com/file/d/1Ki1ZbQJ4isKM4Y1wVpB6Cr3E-9gK0Qeq/view?usp=drivesdk,https://www.youtube.com/watch?v=3q-pRKf-VaQ&list=RD3q-pRKf-VaQ&start_radio=1&pp=ygUSdGV1IGFtb3IgbmFvIGZhbGhhoAcB,,,,false,2026-08-17 17:00:33.448131+00
163b7a40-d9ee-42c1-a716-5dd8e1709437,674fbee4-1795-48f8-b300-13b908600e92,Original,F,Original,0,https://drive.google.com/file/d/1BSSOKE8Y3E3nIawZU8uSbSzzrJPdcx5h/view?usp=drive_link,https://www.youtube.com/watch?v=s74NutG8K5c&list=RDs74NutG8K5c&start_radio=1&pp=ygUhREVVUyBERSBQUk9NRVNTQVMgVFJBWkVORE8gQSBBUkNBoAcB,,,,false,2026-08-17 17:00:24.340075+00
164effc9-5a19-4fbe-858c-dc116544de03,698ff5bb-5abd-43c5-b68e-f372b2b78cba,Original,G#,Original,0,https://drive.google.com/file/d/1K_TCQW1OGwc6hPBLAIRs7G0I-71avHc_/view?usp=drive_link,https://youtu.be/kBDBsonMR-0?si=IcXuWu5JcbQsXaL-,,,,false,2026-08-17 17:00:33.626095+00
16a9deef-bab6-49e1-9ba5-69fd23d17477,e0cb7b4f-2e4c-44a4-8f6b-c991b8171b25,Original,E,Original,0,https://drive.google.com/file/d/1dX4_1Tc_hR8pX5kMYEJd7SY51gXEbuXc/view?usp=drive_link,https://www.youtube.com/watch?v=y-nxxrQ_BKk&list=RDy-nxxrQ_BKk&start_radio=1&pp=ygUTTyBOT01FIERFTEUgRSBKRVNVU6AHAQ%3D%3D,,,,false,2026-08-17 17:00:30.266041+00
19bfbd07-5573-4f2f-a91f-86ec532dd4af,b7463f44-d560-41c7-a088-d4e94c748ac6,Original,A,Original,0,https://drive.google.com/file/d/1p6uaKlqJz4AbwnabK3uFxECkzwOVyGwr/view?usp=drive_link,https://www.youtube.com/watch?v=kXKwkQk528A&list=RDkXKwkQk528A&start_radio=1&pp=ygUUcXVlIHNlIGFicmFtIG9zIGNldXOgBwE%3D,,,,false,2026-08-17 17:00:31.622059+00
1b5d5b34-9ee0-4e08-95f0-2093b04bf4d2,330e7689-ffb7-4950-9bd7-1be3398d566e,Original,A,Original,0,https://drive.google.com/file/d/1qnG3eUIdKP2Z_7L2zk4aMdkmpG2UJeHL/view?usp=sharing,https://youtu.be/BbY4opAD_o8,,,,false,2026-08-17 17:00:30.165973+00
1d4375c4-02de-48b5-923b-74f8972523ba,1d8aa30f-d843-4b3d-9f24-c4599f9aec11,Original,E,Original,0,https://drive.google.com/file/d/16hfNq7ZD0s9My4FZRVF-KJQ7ZJTibe5r/view?usp=sharing,https://youtu.be/hm210FfEVbk?list=RDhm210FfEVbk,,,,false,2026-08-17 17:00:27.263418+00
1eb88dd9-1ff6-4a5d-9885-e6df7d0dc587,b6ae7580-339e-48ad-8e60-33c60403bd2e,Original,C,Original,0,https://drive.google.com/file/d/1TkHsEO4FW3aEaKzwDHGGF1wvqGlEAX5B/view?usp=drive_link,https://www.youtube.com/watch?v=gOnp0Kuq-9M&list=RDgOnp0Kuq-9M&start_radio=1&pp=ygULQUxUQVIgQlJBU0GgBwHSBwkJowsBhyohjO8%3D,,,,false,2026-08-17 17:00:22.280855+00
1f6ceff8-fd6b-4c7a-8b45-1a4b433e6230,8e9c0eaa-50bf-487a-9aa8-b8fb86e0c013,Original,G#,Original,0,https://drive.google.com/file/d/1AtgXXzNJ_77r6AxOdZOHo7duxQrjbRRN/view?usp=sharing,https://www.youtube.com/watch?v=SFiu3KLNd34&list=RDSFiu3KLNd34&start_radio=1&pp=ygUSRVUgVEUgVkVKTyBFTSBUVURPoAcB,,,,false,2026-08-17 17:00:27.082223+00
205f5b36-3a76-442c-b72b-4157d6acc207,ceea44a6-7688-4202-8f95-e2309f3d81a8,Original,E,Original,0,https://drive.google.com/file/d/1HU0g7ofUX-nx1v4EYgVpgwKTzRHrpB2R/view?usp=drive_link,https://youtu.be/BZCb92bivGA?list=RDBZCb92bivGA,,,,false,2026-08-17 17:00:33.819373+00
20deb3fd-cd54-44a4-b640-c599b4181911,eda51db0-6c62-468c-885f-c8ed483286bf,Original,F,Original,0,https://drive.google.com/file/d/1oYvvkxPL3O9xIU-V3fK-fMyQ_E_rOMd1/view?usp=drive_link,https://www.youtube.com/watch?v=m880fLk5N0I&list=RDm880fLk5N0I&start_radio=1&pp=ygUfZXNwaXJpdG8gZW5jaGUgYSBtaW5oYSB2aWRhIDQvMaAHAQ%3D%3D,,,,false,2026-08-17 17:00:26.19911+00
23f153b7-38e8-4c1b-b2fb-424e723151c7,38575729-242e-45a7-816f-13ca9f9e96f6,Original,A,Original,0,https://drive.google.com/file/d/10jrviotnKVcQwevGC-no0lJL0nkFNGWa/view?usp=drivesdk,https://www.youtube.com/watch?v=4x-yrCz1D9g&list=RD4x-yrCz1D9g&start_radio=1&pp=ygUOZXN0YW1vcyBkZSBww6mgBwE%3D,,,,false,2026-08-17 17:00:26.296874+00
253bbe11-e91e-4364-b58b-6ba3580840a4,dfe700dc-8307-4387-8fac-376466312cca,Original,C#,Original,0,https://drive.google.com/file/d/1WDAbr5lUeoHoi_ZIMDgwvZdf8B9rMWBB/view?usp=drive_link,https://youtu.be/ZmJA_QLLa8A?list=RDZmJA_QLLa8A,,,,false,2026-08-17 17:00:32.593693+00
2ae30be2-6f04-4274-8afc-fdee2e490d5b,c84cca1c-acaf-4cb4-be56-3f0dbb4331ca,Original,G,Original,0,https://drive.google.com/file/d/1_D08uxduZ9qHJN5sDcGECQlNqbTEv-wg/view?usp=drive_link,https://www.youtube.com/watch?v=Qem0WSJXLCE,,,,false,2026-08-17 17:00:35.141427+00
31924ee1-95a5-4b60-8a29-908821e5c5a6,67328928-2a28-4b79-8169-4418d37d62ec,Original,G#,Original,0,https://drive.google.com/file/d/1qlMt3kzWYxaOjreqxYtQAf6lftTl99nU/view?usp=drive_link,https://www.youtube.com/watch?v=5QHF5OQeFOs&list=RD5QHF5OQeFOs&start_radio=1&pp=ygUMQSBDQVNBIEUgU1VBoAcB,,,,false,2026-08-17 17:00:20.76882+00
372fefd6-5e14-4aa6-885a-2d46f6fefc21,84961981-91b3-4183-8e94-0cc4a286951f,Original,B,Original,0,https://drive.google.com/file/d/1tYDM-p43i35SiXmeWDOCpfIDLJwjIAYd/view?usp=drivesdk,https://youtu.be/p_3aZt-EUd0?si=Zwd4FukdtxX2bjnI,,,,false,2026-08-17 17:00:22.643138+00
382ef3d4-2902-4f47-939b-0d74d7d7c436,23e97799-b2d2-467f-8ca0-7d59332f415b,Original,B,Original,0,https://drive.google.com/file/d/1voxMz5SKi26ckJ8WxNM2dBbL-hsvjyxN/view?usp=drivesdk,https://www.youtube.com/watch?v=R-JZ9KsI7YI&list=RDR-JZ9KsI7YI&start_radio=1&pp=ygUHb3VyIGdvZKAHAQ%3D%3D,,,,false,2026-08-17 17:00:29.956253+00
3b5202ef-80a7-4d32-93ba-e3f07b9f7681,5b3f77f1-0e1a-43ce-9fe6-78b599cfe129,Original,D,Original,0,https://drive.google.com/file/d/1vO6smA4uCSAE54Bb3Rhw_GV1uwGNRyBG/view?usp=sharing,https://www.youtube.com/watch?v=9i9wtJzok4U,,,,false,2026-08-17 17:00:21.783384+00
3c6f25db-942c-4dbf-a3b2-1c7c4cf7d0f7,385490d3-32b0-4bb3-bfe6-ed6ba2479ea5,Original,F#,Original,0,https://drive.google.com/file/d/1HphGgXDAtJBgbGr8nYJJpWVK4tpgFqpJ/view?usp=drive_link,https://youtu.be/86cC5jqPPBI?list=RD86cC5jqPPBI,,,,false,2026-08-17 17:00:21.611402+00
3d60077a-ee2c-427f-9475-40299c8b6c88,be1cfdf7-1abf-4ee3-9694-b520eb451449,Original,D,Original,0,https://drive.google.com/file/d/1JSPCJoDy7U7q7pcVexFim4UB2I--GAqg/view?usp=drive_link,https://www.youtube.com/watch?v=BNjLDcP2LJc&list=RDBNjLDcP2LJc&start_radio=1&pp=ygUwb2ggcXVhbyBsaW5kbyBlc3NlIG5vbWUgw6kgaGlsbHNvbmcgZW0gcG9ydHVndWVzoAcB,,,,false,2026-08-17 17:00:30.565842+00
3dffb84e-fa0b-48da-8d74-9cdc3f94b580,7874674c-a58e-440c-b7de-66323cb4dd50,Original,G,Original,0,https://drive.google.com/file/d/1xc5rLsU7nTmyLowZfHMFyAt_Tr7Z1O69/view?usp=drive_link,https://www.youtube.com/watch?v=Z6cONvRUFZQ&list=RDZ6cONvRUFZQ&start_radio=1&pp=ygUJTUUgQVRSQUlVoAcB,,,,false,2026-08-17 17:00:28.953182+00
3f4a7535-e7ef-4b09-a2fb-2d12450971b5,3b871a9c-e7f7-47bb-8edf-34344189aef8,Original,E,Original,0,https://drive.google.com/file/d/1-BEjjihjZdUKIkPYFF1i2AybwLHWM248/view?usp=drive_link,https://youtu.be/-3KZhUi-6FY?list=RD-3KZhUi-6FY,,,,false,2026-08-17 17:00:20.875911+00
400e3d38-2a34-4625-a05c-08943e890a47,ec217cc2-1735-4fe3-9744-aaf232edd9b8,Original,G#,Original,0,https://drive.google.com/file/d/1U_EGN4EdOMr-1OeQc4uPOBwVtQ3-XqD0/view?usp=drive_link,https://youtu.be/SZKfUy8BNro?list=RDSZKfUy8BNro,,,,false,2026-08-17 17:00:29.157292+00
433a2e33-13c7-40e3-91fd-f3f3ab9d425f,98238ef7-6311-4b08-97ef-9c139321e730,Original,A,Original,0,https://drive.google.com/file/d/1kIw1SBaEu9HdcoFwdKs-OJFCL8g8Gjnl/view?usp=drive_link,https://www.youtube.com/watch?v=1PptMv81jAk&list=RD1PptMv81jAk&start_radio=1&pp=ygUNTVJBREEgQUxFR1JJQaAHAQ%3D%3D,,,,false,2026-08-17 17:00:20.566551+00
4bc3df25-4e46-4743-82b2-bf84995959e3,6ffb1f12-d99f-40a0-86b3-ff59188fa427,Original,D,Original,0,https://drive.google.com/file/d/1NuhHDOM2Knu5vGvJIx23K3hEPsIvZdNY/view?usp=sharing,https://youtu.be/9RVw6f2quas?list=RD9RVw6f2quas,,,,false,2026-08-17 17:00:32.901048+00
4cbec026-0b4c-496d-a355-280ed86cb096,20948211-6451-49cf-83db-d3d749d1e169,Original,C,Original,0,https://drive.google.com/file/d/1XiThinRW6yPyv57_5Vrhj4AY1-5NeQdT/view?usp=drive_link,https://www.youtube.com/watch?v=IxpWNuxGmzc&list=RDIxpWNuxGmzc&start_radio=1&pp=ygUPRU0gVEVVUyBCUkHDh09ToAcB,,,,false,2026-08-17 17:00:25.811528+00
4faaad55-e51c-47c1-900a-f8f79bf4dfed,9644905f-0fb0-49e0-b9e3-55beb5633c1a,Original,F#,Original,0,https://drive.google.com/file/d/1nA81XwMNVwC92Pm-MsroYWU6c2_Ro8BS/view?usp=drive_link,https://youtu.be/t6Pd8gXIASU?list=RDt6Pd8gXIASU,,,,false,2026-08-17 17:00:34.390664+00
581864e0-8967-45b9-8dcc-09968cf6eb44,8d93bd0d-b326-43f6-83f1-f610b67b00a6,Original,F,Original,0,https://drive.google.com/file/d/1PVQw_W93yIz-sfx6NamWgixOo-a8ZvlJ/view?usp=sharing,https://youtu.be/97HZ_GKC5Lo?list=RD97HZ_GKC5Lo,,,,false,2026-08-17 17:00:34.879217+00
5c4671ec-4b2f-43f6-a1dd-27ba76954350,050908f0-2e60-4a7e-b36c-fb476e5552df,Original,G,Original,0,https://drive.google.com/file/d/1-bBKN1_4zkblEsuewvrSBOIQdYNM8JF6/view?usp=drive_link,https://www.youtube.com/watch?v=ExpGtxTmirU&list=RDExpGtxTmirU&start_radio=1&pp=ygUhZWxlIMOpIGV4YWx0YWRvIGFkaGVtYXIgZGUgY2FtcG9zoAcB,,,,false,2026-08-17 17:00:25.072039+00
5c5bdb77-4f63-4343-9824-537df0ed72a8,c9b68c25-21f4-4838-91f4-ec038fe33cf1,Original,A,Original,0,https://drive.google.com/file/d/1I64Qg4REvbf66j9ryBe2Flhl9-uHkP8L/view?usp=sharing,https://www.youtube.com/watch?v=0UxKayV5Kpg&list=RD0UxKayV5Kpg&start_radio=1&pp=ygURbWV1cyB2b3RvcyBtb3JhZGGgBwE%3D,,,,false,2026-08-17 17:00:29.341415+00
5e321c76-d954-4673-aeda-36eafa155005,8cf3d1c4-bdf4-4ef2-8785-9c636aa9328d,Original,E,Original,0,https://drive.google.com/file/d/1ZeBO9DtdmlSqYtTG5lX0I8iMoWzSyo1R/view?usp=drive_link,https://www.youtube.com/watch?v=NgG-Q8W-TmA&pp=ygUTZGlhbnRlIGRlIHRpIG1vcmFkYQ%3D%3D,,,,false,2026-08-17 17:00:24.620473+00
60460f81-99a6-44ca-830f-38ca2662964f,f136fb97-050f-4d95-b8d1-44493e6535dd,Original,G,Original,0,https://drive.google.com/file/d/1YdvJdcCjxMT7OnLVqrksO1dgJrshsv7y/view?usp=drive_link,https://www.youtube.com/watch?v=h4YWqwLlBv4,,,,false,2026-08-17 17:00:34.298632+00
6162855d-5b34-48e8-96cc-86f25ae89333,21cc3c06-b9d6-48a8-86e0-f0d3b5748eeb,Original,G#,Original,0,https://drive.google.com/file/d/1EhKJN2het_aqpER5qpS_PtuT6JDFXG-M/view?usp=drive_link,https://www.youtube.com/watch?v=2FEMS7p4sXI&list=RD2FEMS7p4sXI&start_radio=1&pp=ygUIRVUgQ1JFSU-gBwHSBwkJBAsBhyohjO8%3D,,,,false,2026-08-17 17:00:26.386036+00
62b74250-36b1-4ea6-85de-014a6432c462,3115d4b2-2fde-49f2-b9d2-fe1fe16c27e0,Original,E,Original,0,https://drive.google.com/file/d/1BPwGIxryTtGGdGnygPZL57iqWQ9aCvP1/view?usp=drive_link,https://www.youtube.com/watch?v=2UtcyWiS2aI&list=RD2UtcyWiS2aI&start_radio=1&pp=ygUaaG9zYW5uYSBoaWxsc29uZyBwb3J0dWd1ZXOgBwE%3D,,,,false,2026-08-17 17:00:28.087746+00
641d91ef-6f2f-4af6-a6f6-b8f4b175e9ed,e3ffa2c3-fd5e-4f7b-a89c-8b8066f4ae1f,Original,C,Original,0,https://drive.google.com/file/d/1pjNjr4vE2e3GWuBW26Q-eqpjMpUMgpcI/view?usp=drive_link,https://youtu.be/tPrXw0oEgrM?list=RDtPrXw0oEgrM,,,,false,2026-08-17 17:00:30.917127+00
65e55d8c-00cc-4a25-88e6-fd1a651b3572,8fc9c087-848f-4003-9dd3-f5f4111cc81f,Original,A#,Original,0,https://drive.google.com/file/d/1mIh5k12DAQmaUmLC9olWgsKiOEJbCYba/view?usp=drive_link,https://www.youtube.com/watch?v=v8gaG2ed01I&list=RDv8gaG2ed01I&start_radio=1&pp=ygUIQSBCRU5DQU-gBwE%3D,,,,false,2026-08-17 17:00:20.665276+00
67c0350a-d82a-4a8d-90b2-850f9bc9e5b3,d0383fc4-553d-4bc5-a51f-068c1697dc93,Original,E,Original,0,https://drive.google.com/file/d/1VI6_hyOtaDVV8t_y24Mza0m70LWeKx7V/view?usp=sharing,https://youtu.be/15-CeUux7rA?si=L2olYEdFXimoFl5H,,,,false,2026-08-17 17:00:35.007624+00
6ed942b3-df5e-45f2-bac7-ee6fb838ded2,f16a5d33-5873-486a-a355-022dd3ffb4da,Original,F#,Original,0,https://drive.google.com/file/d/1Cf-wvQYEXjNaNtoIrpGrZC8eSZ76fAtL/view?usp=drivesdk,https://www.youtube.com/watch?v=UOyy3dGbwj0&list=RDUOyy3dGbwj0&start_radio=1&pp=ygUVcXVlbSBkaXplcyBxdWUgZXUgc291oAcB,,,,false,2026-08-17 17:00:31.948567+00
6f8260dd-597b-435d-8903-135ed67a3ed0,072641aa-5c9b-4982-a5c8-6ab1151eacc3,Original,D,Original,0,https://drive.google.com/file/d/12AoEMN7GGQF1f49-VCzYz5YNCDhUZ1wZ/view?usp=sharing,https://www.youtube.com/watch?v=Uo_0wr_iXJg&list=RDUo_0wr_iXJg&start_radio=1&pp=ygUbRElBTlRFIERBIENSVVogQUxJTkUgQkFSUk9ToAcB0gcJCaMLAYcqIYzv,,,,false,2026-08-17 17:00:24.523025+00
705fecd9-1774-4e39-a999-6869db01525f,2f5ca0ca-4cb6-4a24-addd-e12f2091246a,Original,A,Original,0,https://drive.google.com/file/d/1ZpOXiDTAir_OMU_h4cbgp-rdD89kPp8c/view?usp=drivesdk,https://www.youtube.com/watch?v=2rpaccTwmio&list=RD2rpaccTwmio&start_radio=1&pp=ygUbc8OzIHR1IMOpcyBzYW50byB0dXJhIGFkb3JloAcB,,,,false,2026-08-17 17:00:32.802437+00
70aa1e4b-cb90-4604-87fc-0710f8495660,b891e230-3b3b-429f-b930-6469af111e8d,Original,B,Original,0,https://drive.google.com/file/d/1GDyPQgXcBNIrMqllakcuiVy6mRAhQyMt/view?usp=drive_link,https://youtu.be/d7iMVvuZkyg?list=RDd7iMVvuZkyg,,,,false,2026-08-17 17:00:25.944046+00
71fce267-e1dc-417a-b7d4-77cbe79e8c86,59e43972-9722-4cc0-81de-60df5a06b1b0,Original,A#,Original,0,https://drive.google.com/file/d/1ralQjHAxFVQzhpQkH6NU23yC5wGEAqRk/view?usp=drivesdk,https://www.youtube.com/watch?v=XFRjr_x-yxU&list=RDXFRjr_x-yxU&start_radio=1&pp=ygUNYW1hemluZyBncmFjZaAHAQ%3D%3D,,,,false,2026-08-17 17:00:28.180153+00
728faef4-85b9-4d6f-95df-b5ade3b45d86,f81666e0-284a-4e83-a122-5e36f6864040,Original,B,Original,0,https://drive.google.com/file/d/1q_iQEijMrSXqYCUAFczgTCPfdXZVNOe3/view?usp=sharing,https://www.youtube.com/watch?v=mWHx6v1PYTE&list=RDmWHx6v1PYTE&start_radio=1&pp=ygUPQ09SUE8gRSBGQU1JTElBoAcB,,,,false,2026-08-17 17:00:24.152425+00
74ca159c-4ac6-4356-b055-402df9dade17,167adaa2-a81e-479c-9e30-f4018762cb37,Original,D,Original,0,https://drive.google.com/file/d/1EhOBcs1QAfkKyYcqY3fecJ6x3_Mw8Y81/view?usp=drive_link,https://youtu.be/CmM1pcHohdI?list=RDCmM1pcHohdI,,,,false,2026-08-17 17:00:22.763658+00
7520a700-2578-4234-ba51-df4d91e74d0f,4c94923f-1a8c-487e-b55b-d58eef134f5d,Original,E,Original,0,https://drive.google.com/file/d/1kQzrr44HIs0LF3H5xEncm1DFzfV6lp0t/view?usp=drive_link,https://youtu.be/PdJoTcOgwUA?list=RDPdJoTcOgwUA,,,,false,2026-08-17 17:00:27.369605+00
79db5707-d9c0-4e9b-aa5f-9e5ae6b35378,d9e6fd6b-19d8-4c33-9e87-fef700652b5a,Original,D,Original,0,https://drive.google.com/file/d/14MAENfElmfoG-w1ouVyQFkHDiUdj-s6o/view?usp=sharing,https://youtu.be/-G4vFzmeTkM,,,,false,2026-08-17 17:00:27.16946+00
7b38f29b-e9f2-4b95-8bfc-51de98d861c5,2341ea81-d226-4cdd-90dd-b32885bbed48,Original,G,Original,0,https://drive.google.com/file/d/1MTXitTtm_dl3hqDM5v2hbWJC_Ha0SGvx/view?usp=drive_link,https://www.youtube.com/watch?v=DI9DWJuYiuU&list=RDDI9DWJuYiuU&start_radio=1&pp=ygUhZWlzIHF1ZSBlc3RvdSBhIHBvcnRhIGZlcm5hbmRpbmhvoAcB,,,,false,2026-08-17 17:00:24.965588+00
7e68a98d-2411-4793-b5a9-982470d5c586,358beeb9-63b8-43d7-8289-b36fde1f92ff,Original,F,Original,0,https://drive.google.com/file/d/1Bjy8sPoog8WRWJr8RENLUvSZ4blsZNod/view?usp=drive_link,https://www.youtube.com/watch?v=wT8RZWVQ7nY&list=RDwT8RZWVQ7nY&start_radio=1&pp=ygUPRVUgRSBNSU5IQSBDQVNBoAcB,,,,false,2026-08-17 17:00:26.581111+00
7f83e1fe-738b-4a0a-a83e-c2c884d10e3b,9c88f059-2622-4c68-b3ae-cdfdd8f4248e,Original,A,Original,0,https://drive.google.com/file/d/1J-Xu4esPiEn_B2Bgjy800sLZDssjhmcg/view?usp=drivesdk,https://www.youtube.com/watch?v=L3b2gRB7YVc&list=RDL3b2gRB7YVc&start_radio=1&pp=ygUGw6kgZWxloAcB,,,,false,2026-08-17 17:00:24.759179+00
875647f6-f0a3-445d-88b1-e322de10e7b4,fcf706b4-9958-4425-a3c5-dcdb332269a2,Original,E,Original,0,https://drive.google.com/file/d/1V91SzaTiD7yiR2bXwtnc0GieVpiFnKS9/view?usp=sharing,https://youtu.be/TkDlTDwOe5E?list=RDTkDlTDwOe5E,,,,false,2026-08-17 17:00:33.101969+00
8902a350-8f75-4fd4-9c61-02d1559bb9fc,dc18fd34-26ba-4d62-a4bb-0f824becfcef,Original,D#,Original,0,https://drive.google.com/file/d/1_lIxHa3Ov3-XwPrB1HQaCBVsuAliQZZx/view?usp=drive_link,https://youtu.be/n0fDvJAyrQ8?list=RDn0fDvJAyrQ8,,,,false,2026-08-17 17:00:31.013637+00
8956e5d7-987f-43ff-a927-d6965f0069a8,a34fd34f-9c38-4880-bd40-a41d915cfe9c,Original,G#m,Original,0,https://drive.google.com/file/d/1XtoLK0Fl3RHKtTpG_osjZhNHZanVXFxa/view?usp=sharing,https://www.youtube.com/watch?v=plPkMxnOMRg&list=RDplPkMxnOMRg&start_radio=1&pp=ygUMVkFNT1MgUFJFR0FSoAcB0gcJCVELAYcqIYzv,,,,false,2026-08-17 17:00:34.196288+00
8bf7ee1f-1568-49b1-a5cf-4d9322ef678a,fbd80750-6c67-4931-ba7c-8bcb2f49f107,Original,B,Original,0,https://drive.google.com/file/d/1e6DTefqkorUZslWvSudGbcWiJ8jDoRdl/view?usp=sharing,https://www.youtube.com/watch?v=aVKsUV9D3Mg&list=RDaVKsUV9D3Mg&start_radio=1&pp=ygUTbsOjbyBow6EgYW1vciBpZ3VhbKAHAQ%3D%3D,,,,false,2026-08-17 17:00:29.636304+00
8de0c4f9-15ad-412e-adb1-67601cb9e969,f5a3fc5e-a2d3-4fdf-8055-e17620520b80,Original,A,Original,0,https://drive.google.com/file/d/1UcFKN3oLS8FD_gIKFbXD8VI_QEXFxk0y/view?usp=drive_link,https://youtu.be/4_rv9Jmgc78?list=RD4_rv9Jmgc78,,,,false,2026-08-17 17:00:27.68031+00
8fda410e-d537-4b3b-b693-ff0cf5d7a16b,3c9120d2-17b3-4c8a-a1b9-0f5ac3c38edf,Original,E,Original,0,https://drive.google.com/file/d/1cxxIYwFe6ry-t3Xtp6q47JbF_ouf1usO/view?usp=sharing,https://youtu.be/OtDvlKRgJrc?list=RDOtDvlKRgJrc,,,,false,2026-08-17 17:00:30.467963+00
912c382a-8091-4621-a737-f0fab422dbba,6eb7f303-6a40-444f-bf7e-c83eed1516b9,Original,A,Original,0,https://drive.google.com/file/d/1XP3tdtwkMlBMWwYkTlvBluf0yoR0wrBM/view?usp=drive_link,https://youtu.be/mtWTOGNnatc?list=RDmtWTOGNnatc,,,,false,2026-08-17 17:00:23.688043+00
91c17e33-5b84-4b31-bc48-35d6df48d68b,a112c74c-de56-4056-9417-093cc92f2602,Original,C,Original,0,https://drive.google.com/file/d/18JSwc_RCHXFer0IWDAabCHOgQu4LTnP9/view?usp=drive_link,https://www.youtube.com/watch?v=nlfjJkB4NSo&list=RDnlfjJkB4NSo&start_radio=1&pp=ygUQT1VUUk8gQkEgRk9STkFIQaAHAQ%3D%3D,,,,false,2026-08-17 17:00:30.813222+00
933aa68f-f0b8-4444-b506-3a41bf80ab03,e066995f-a743-46d5-95d9-6d4f7fb4256c,Original,A#,Original,0,https://drive.google.com/file/d/1BJgUoL27kagRLop7phahPwCWKj9BtiJA/view?usp=drive_link,https://www.youtube.com/watch?v=4-mUSeCl_Js&list=RD4-mUSeCl_Js&start_radio=1&pp=ygUJdGV1IHRvcXVloAcB,,,,false,2026-08-17 17:00:33.538785+00
93630145-e093-47c0-990b-41f57bda4a40,01846f7f-0943-4eb7-8d8d-9a723d24b2f9,Original,C,Original,0,https://drive.google.com/file/d/1R-m7IzgLBRLeFlvFWo8f4ctxJgYmOTh9/view?usp=sharing,https://youtu.be/ixbKCeDiQOg?list=RDixbKCeDiQOg,,,,false,2026-08-17 17:00:30.688979+00
93b4fcc9-79db-4b02-acb5-0acbf35de54c,5b86681f-8749-4ef5-8e82-7c366d058e95,Original,A,Original,0,https://drive.google.com/file/d/1Fg3nxqyAtFmFbEIse6dBkOLsBlDvk7Dj/view?usp=drive_link,https://www.youtube.com/watch?v=Yo9G3hvl_UI&list=RDYo9G3hvl_UI&start_radio=1&pp=ygUJR1JBVE8gU09VoAcB0gcJCaIKAYcqIYzv,,,,false,2026-08-17 17:00:27.878975+00
982cbba9-27df-4675-b0af-9d9d272d876b,aa1189ea-7fe2-4a6f-a045-7129702cb7db,Original,G,Abaixa 1/2 tom,0,https://drive.google.com/file/d/1BhXqZhusrP0CLmqYqsFkpQoGqy_l5hHD/view?usp=sharing,https://www.youtube.com/watch?v=PFnJcYSk0t4&list=RDPFnJcYSk0t4&start_radio=1&pp=ygUFbGl2cmWgBwE%3D,,,,false,2026-08-17 17:00:28.736971+00
9910bd32-2759-4108-a3c9-eea65a6d99e5,90f6c73d-6a1b-47b0-8306-d6c3ae35d660,Original,F,Original,0,https://drive.google.com/file/d/1lj0IDLFQYMsi13gl7vFJpexj8SfBDz_E/view?usp=drive_link,https://youtu.be/oE_brFKwldk?list=RDoE_brFKwldk,,,,false,2026-08-17 17:00:28.846542+00
99b79ce9-9bf1-4338-a15b-bcd09e3d91fe,24bedb8b-c7bf-4a10-bcb9-3860f0a1fd4f,Original,B,Original,0,https://drive.google.com/file/d/1hsqLDrJrsBeeP9pWeARNl81EtK2Q9Tbo/view?usp=sharing,https://youtu.be/ori3KoKbW7E?si=3vhh2AtIU--H1JKq,,,,false,2026-08-17 17:00:33.355665+00
9be68cce-fdb9-4a5e-bf55-26a5c5eefd7e,4b15d711-ae7e-4b1f-bf96-6042ccd155c1,Original,G#,Original,0,https://drive.google.com/file/d/1lsjy6DbbT1YhvKKBcTvrpTgsMoipM7W-/view?usp=drive_link,https://www.youtube.com/watch?v=UsVFERf_5K0,,,,false,2026-08-17 17:00:26.082708+00
9ed3445d-e9eb-49b2-bb8d-c71a016ad4fe,227b1261-623d-4979-b962-a0ffadf8bee2,Original,A,Original,0,https://drive.google.com/file/d/1FJxE42Y4sjwnVAKZJS9qpNjaQS2ULpPw/view?usp=sharing,https://youtu.be/YudXB8MZRTs?si=-F9h7Ssnfg3lzZOR,,,,false,2026-08-17 17:00:25.257575+00
9fd3fcdc-7d0b-4979-aa3b-0f3dd4247388,aacce0f5-2edb-4a8e-bc3a-b72ddf6f1edf,Original,C,Original,0,https://drive.google.com/file/d/1Jr5G4lGd_EXXvFUDd8_OA1BTwYSkD9fH/view?usp=drivesdk,https://www.youtube.com/watch?v=QTC7_DVENZA&list=RDQTC7_DVENZA&start_radio=1&pp=ygUJMTAwIGdyYXVzoAcB,,,,false,2026-08-17 17:00:20.255926+00
a2b87b0a-52d1-491e-be5e-6a8fd1e11110,bee4e66f-358d-430d-a095-cd7273432c90,Original,D,Original,0,https://drive.google.com/file/d/1BI2wRX2EZzEWQtQJi3fMtB9DvJuD80vb/view?usp=sharing,https://youtu.be/_hL1pguiHX0?list=RD_hL1pguiHX0,,,,false,2026-08-17 17:00:27.582214+00
a5ab038d-e3ca-4efb-b252-4b39a65e9604,83379987-0728-4868-a750-d90fba07ce7a,Original,C,Original,0,,,,"Veja o amor do Pai

Mistério que não posso entender

Quão grande é o Seu amor

E o quanto nos deseja

As coisas deste mundo
Não são nada diante dEle

Pai infalível
O que se compara a Ti?

Veja o Filho de Deus

Leão e o Cordeiro dado a nós

O Verbo se encarnou
Salvador da minha alma

Sofreu por tanto
Amar a humanidade

Em Seu sangue há salvação

Jesus Messias

O Justo se entregou

Não foi o fim,
Ele ressuscitou

Canta minh'alma
Canta minh'alma

Que amor tão grande
Que amor tão grande

Canta minh'alma
Canta minh'alma

Que amor tão grande
Que amor tão grande

Que grande amor.

Veja comigo está

O Espírito 
Queimando em meu ser

Amigo e Protetor
Que me leva à verdade

Traz luz ao meu 
Perdido coração

Até meu tempo aqui findar

Oh Santo Espírito
Teu Reino quero ver

Oh Santo Espírito
Faz em mim o Teu querer

Canta minh'alma
Canta minh'alma

Que amor tão grande
Que amor tão grande

Canta minh'alma
Canta minh'alma

Que amor tão grande
Que amor tão grande

Canta minh'alma
Canta minh'alma

Que amor tão grande
Que amor tão grande

Que grande amor 

Meu Deus
O que era e que virá

Ele é fiel
E Sua promessa cumprirá

Do céu em nuvens descerá

Em meio ao som
De louvores voltará

Veja O Senhor
Ao lar nos levará",,false,2026-08-17 17:07:12.506692+00
a6444bcd-7628-4f28-b9ca-4bd41fac5ed4,92828d65-d58d-4969-99a1-2532cb7bcff7,Original,F,Original,0,https://drive.google.com/file/d/1t9Lw6Q9MrSHSlhnLV0DpdZZZTLgTiPJn/view?usp=drive_link,https://www.youtube.com/watch?v=dtYKIBAF7n8,,,,false,2026-08-17 17:00:34.475182+00
a7ba91b7-e585-451f-af04-53d7bc7c473f,beda6b22-794d-439a-af2c-e4f20d3bf522,Original,F#,Original,0,https://drive.google.com/file/d/1qaIv12iLZAY8tMhK3Eh_jD0Imun-vNyk/view?usp=drive_link,https://www.youtube.com/watch?v=4X0mSNyZcxQ&list=RD4X0mSNyZcxQ&start_radio=1&pp=ygUXQ1JFSU8gUVVFIFRVIMOJUyBBIENVUkGgBwE%3D,,,,false,2026-08-17 17:00:24.24456+00
a8ab231b-a56a-43b2-84f7-787495a739db,f4efe5a6-cf14-45e8-89e9-0e6b378c4126,Original,G,Original,0,https://drive.google.com/file/d/1c4uB9Luf0wSO84BoU_y-Vx_LHLTVG8yv/view?usp=drive_link,https://youtu.be/p3Raz8HuDjU?list=RDp3Raz8HuDjU,,,,false,2026-08-17 17:00:31.518619+00
a8b6ca32-0170-45a5-af2f-02f40c4a0326,ab10273e-1426-4579-b4ad-ee4eb56317f5,Original,G#,Original,0,https://drive.google.com/file/d/1mbT3p1v6NevbWY3Bh2dJDwYZEBUC0Z7E/view?usp=drive_link,https://www.youtube.com/watch?v=dS35Xhf2UeI&list=RDdS35Xhf2UeI&start_radio=1&pp=ygUZbyBub3NzbyBnZW5lcmFsIMOpIGNyaXN0b6AHAQ%3D%3D,,,,false,2026-08-17 17:00:30.366929+00
ade56c4d-bfb0-4391-a415-6dd1a8a15f4a,afde7938-cb10-43f9-9c7e-8c4cb789c42b,Original,D,Original,0,https://drive.google.com/file/d/1U2wAF3X0jyNI-odL8W2WwbAYA0iyoiGi/view?usp=drive_link,https://youtu.be/YXnQ02HYB1w?list=RDYXnQ02HYB1w,,,,false,2026-08-17 17:00:33.724558+00
ae749875-965c-416e-8f55-00663a69e574,d665f45a-15e5-41cd-9616-294c039ff46a,Original,C,Original,0,https://drive.google.com/file/d/1zu13Wd72pniLuUHInzTvyTkYwgJbKIXI/view?usp=drive_link,https://www.youtube.com/watch?v=CH_BbCpCVG0&list=RDCH_BbCpCVG0&start_radio=1&pp=ygUPYWxpYW7Dp2EgbW9yYWRhoAcB,,,,false,2026-08-17 17:00:22.179191+00
aebfa843-e1df-4153-a8db-b6afb186c365,4ae0e8fa-efb1-4b36-bcf1-26a66557a0b7,Original,C,Original,0,https://drive.google.com/file/d/1HFIIjP00-J5yMttiUJUGnxEnmJBBMnFn/view?usp=drive_link,https://www.youtube.com/watch?v=sliIJpRe1ZM,,,,false,2026-08-17 17:00:31.214703+00
b07d7e8c-8b66-43a1-bae2-5896a84955b2,24042c13-fbe6-48c3-90a7-926fa644905e,Original,D,Original,0,https://drive.google.com/file/d/10n7OAS33QGPMrHApzD1bhglQ4XyqIVGA/view?usp=sharing,https://youtu.be/db_etVIp1Lg,,,,false,2026-08-17 17:00:29.85016+00
b18d75b3-7e6e-4843-9096-d9e4554d7b8a,0066437c-29d8-424a-80b2-a4b9436ceb57,Original,B,Original,0,https://drive.google.com/file/d/1HLsZ5FyPo7LUsrA1EmqV_Gu7tug6dNAv/view?usp=drive_link,https://www.youtube.com/watch?v=63B6H9Dra_8&list=RD63B6H9Dra_8&start_radio=1&pp=ygUNYSB0dWEgYWxlZ3JpYaAHAdIHCQnECwGHKiGM7w%3D%3D,,,,false,2026-08-17 17:00:21.447637+00
b2c8cd96-9268-49c7-865d-67b48c3eee9f,1e55bbaa-5e2d-4190-b19e-d5482ef8067d,Original,G,Original,0,https://drive.google.com/file/d/1dD8z255dDjHLKzybfkEVTMDVdQtPlepk/view?usp=drive_link,https://www.youtube.com/watch?v=GQBJ2rZHAR8&list=RDGQBJ2rZHAR8&start_radio=1&pp=ygUPUkVJIERPIE1FVSBDT1JBoAcB,,,,false,2026-08-17 17:00:32.218655+00
b2e8d321-ea57-4321-80df-477366b93a5f,d217a7de-b4a5-450c-91ea-beb61c4441a2,Original,E,Original,0,https://drive.google.com/file/d/1arVXkdqVl6TGCcavn_ismzY8dYN-k8bg/view?usp=drive_link,https://www.youtube.com/watch?v=ye9caqETC0A&list=RDye9caqETC0A&start_radio=1&pp=ygULQ0xBTU8gSkVTVVOgBwE%3D,,,,false,2026-08-17 17:00:23.825843+00
b4001d0a-c2b8-444e-a7bb-439456d2a806,1d1c1307-4b1f-41ef-a1fe-2b5c268f94ea,Original,F#,Original,0,https://drive.google.com/file/d/1xrQihOgiOS853PnYBnlgXFsr_J3jUOKZ/view?usp=drive_link,https://youtu.be/wX5QW2ieBck?is=5324YArJXOm6JpD4,,,,false,2026-08-17 17:00:26.670894+00
b64b175a-b1f3-4c7b-af37-bfc621146dba,d05cf63d-73da-42ea-9126-b0a9d5b38d60,Original,D,Original,0,https://drive.google.com/file/d/13NBRNQKCGWuXIIE0csjOb6B7JymgCESr/view?usp=drive_link,https://youtu.be/zmeOpNlPOh8?list=RDzmeOpNlPOh8,,,,false,2026-08-17 17:00:24.055814+00
b795adeb-d429-4a52-90dc-3e6e5ecb0b56,4f73b4cf-c2c9-4865-be02-328a055d27bd,Original,E,Original,0,https://drive.google.com/file/d/1unDCVMHzJgjA-QvcoajwiT42OxnNsuwN/view?usp=drivesdk,https://www.youtube.com/watch?v=wfFTSbxyI1M&list=RDwfFTSbxyI1M&start_radio=1&pp=ygUhdmlkYSBhb3Mgc2VwdWxjcm9zIGdhYnJpZWxhIHJvY2hhoAcB,,,,false,2026-08-17 17:00:34.698233+00
b90626aa-31db-4fbf-ac4f-4c63f9711909,eb788a66-a5e7-47bb-939f-8a00c953d905,Original,B,Original,0,https://drive.google.com/file/d/1BtBQR3eTGDkQUiKQhHYbX1uL9lgr8m90/view?usp=drive_link,https://youtu.be/8jqhvdgOfG4?list=RD8jqhvdgOfG4,,,,false,2026-08-17 17:00:29.535214+00
ba7758f0-fba1-4304-83a6-b655348acebb,a2d4dae7-01bb-4d51-89b3-f281c42a955b,Original,C#,Original,0,https://drive.google.com/file/d/12VJJcg4aTBIPF11hg-H5ZqJLcGEM9nhM/view?usp=drive_link,https://www.youtube.com/watch?v=p8vHkE6frZI,,,,false,2026-08-17 17:00:34.583533+00
bb62880d-e9b0-43ba-a900-9da80a0cd070,bac04d36-3b3e-4465-861f-5f8ce7f13a6a,Original,D,Original,0,https://drive.google.com/file/d/1RAYrCIdq5z4R-a9bLF7ysyc6nAMQsZPb/view?usp=drivesdk,https://www.youtube.com/watch?v=3SEz_SemHtk&list=RD3SEz_SemHtk&start_radio=1&pp=ygUJZ3JhdGlkw6NvoAcB,,,,false,2026-08-17 17:00:27.777214+00
be1f6b93-f45f-4723-a3d1-c0aac5e6135c,d679419f-d224-4e47-921e-4af0e7473d0f,Original,G,Abaixa 1/2 tom,0,https://drive.google.com/file/d/1EhKJN2het_aqpER5qpS_PtuT6JDFXG-M/view?usp=drive_link,https://www.youtube.com/watch?v=2FEMS7p4sXI&list=RD2FEMS7p4sXI&start_radio=1&pp=ygUIRVUgQ1JFSU-gBwHSBwkJBAsBhyohjO8%3D,,,,false,2026-08-17 17:00:26.480126+00
befe4739-ae2d-452d-bf71-05dff9b9cc4c,863f5058-a74c-40fc-88b3-4c550bb36af3,Original,E,Original,0,https://drive.google.com/file/d/16G1NZq32vTimdYz_GFTbnwW4RLU5co2H/view?usp=drive_link,https://www.youtube.com/watch?v=BlOtVv6h1rY&list=RDBlOtVv6h1rY&start_radio=1&pp=ygUVUFVSTyBFIFNJTVBMRVMgbW9yYWRhoAcB,,,,false,2026-08-17 17:00:31.423646+00
bf4a5b82-4b00-4443-b6e2-e54649c1c647,525f09b9-8d71-48ce-81a8-6b20aa9d3eb8,Original,A#,Original,0,https://drive.google.com/file/d/1MduXdsZyMK3HpJcCwWef5jQCZEBKVJlR/view?usp=drive_link,https://youtu.be/7p0V0LE9Avw?list=RD7p0V0LE9Avw,,,,false,2026-08-17 17:00:29.746451+00
c077d0f3-a0e2-4dac-b38e-4192ce0f84d5,ae25b8a5-27c2-45b7-9551-30da8d786dbc,Original,G,Original,0,https://drive.google.com/file/d/1krR-YSptz-at2tk6Y-gLIVL3KRabSETU/view?usp=drive_link,https://youtu.be/n3qTisl_Unk?list=RDn3qTisl_Unk,,,,false,2026-08-17 17:00:23.495955+00
c6d5f729-f9f8-458e-8cad-3ccfa2865342,721ebc11-9252-4cf5-bf1d-1b30f37777d6,Original,B,Original,0,https://drive.google.com/file/d/18M5BEiaKEZq9Qhy4FBUyj0NlruZOZPWx/view?usp=sharing,https://youtu.be/cHonwcPaTdo?list=RDcHonwcPaTdo,,,,false,2026-08-17 17:00:31.725429+00
c8b89dee-7f96-450c-87b5-cdae50aaa2bd,388dd7bc-49e5-4c87-9ce0-00669a3c2e4e,Original,E,Original,0,https://drive.google.com/file/d/1gSHr3t5wIheXAxnFbTlSu7D6xfpWMNQq/view?usp=sharing,https://www.youtube.com/watch?v=lTRNHofvCmU&list=RDlTRNHofvCmU&start_radio=1&pp=ygUPaGlubyBkYSB2aXRvcmlhoAcB,,,,false,2026-08-17 17:00:27.983824+00
cabea75b-28f3-46ad-a2e9-1a893047014c,7a01933e-f0d0-4edb-ac37-4394619fd65b,Original,E,Original,0,https://drive.google.com/file/d/19FxWUmm0t1kpaVKdeZhqCODAzezqQ-ym/view?usp=drive_link,https://youtu.be/aMpM68cb5MY?list=RDaMpM68cb5MY,,,,false,2026-08-17 17:00:28.514187+00
dc8904b0-3519-41f3-93fa-2d3f8a04f7e8,19e1a94c-0cec-4e28-981b-1990aae17f94,Original,C,Original,0,https://drive.google.com/file/d/15jMEe4-nE4UtuuWA39KnJjxtNPr-M_qv/view?usp=drive_link,https://youtu.be/7GWZwO0MdsY?list=RD7GWZwO0MdsY,,,,false,2026-08-17 17:00:33.00293+00
dd423fc4-5f7a-44b1-a22e-b9f752fc913a,67c731a2-4cd2-49d1-8b5d-c8b7d7a62253,Original,G,Original,0,https://drive.google.com/file/d/1v2byozcmJxpySwot61U6x13kr00v7krm/view?usp=drive_link,https://youtu.be/5xHkGSgPblg?list=RD5xHkGSgPblg,,,,false,2026-08-17 17:00:26.873896+00
e03c41b0-c639-416f-9751-42874c3417ed,008654d8-e8b0-4013-8a13-72763965dbd4,Original,C#,Original,0,https://drive.google.com/file/d/19OsxCt8W-4i0ymUwNnqCea3N0VchOtXM/view?usp=drive_link,https://www.youtube.com/watch?v=zYCPu7ismRA&list=RDzYCPu7ismRA&start_radio=1&pp=ygUPQkFURU5ETyBBIFBPUlRBoAcB,,,,false,2026-08-17 17:00:22.543606+00
e22738e2-2fb6-424f-bb33-b7cc793f768a,0beb371d-5f29-493b-b533-bc8b571c272d,Original,A,Original,0,https://drive.google.com/file/d/1-94kSzoGUvnOq_KizrlGKog80NmoNN_Z/view?usp=drivesdk,https://www.youtube.com/watch?v=JpMLOLfM2Pg&list=RDJpMLOLfM2Pg&start_radio=1&pp=ygUadml0b3Jpb3NvIMOpcyBnYWJpIHNhbXBhaW-gBwE%3D,,,,false,2026-08-17 17:00:29.060591+00
e2f26afd-9df2-4b1c-bad9-d900e2fea821,a5e463ae-3a67-4d81-9c90-95fbcf3166a7,Original,C,Original,0,https://drive.google.com/file/d/1a5nrCo7nXt8h3-NdLmM7F5MobheAkdr5/view?usp=sharing,https://youtu.be/cr3OQZ1e-38,,,,false,2026-08-17 17:00:27.482939+00
e3964421-7d39-4ceb-93d6-a4b931bc632b,ef53ae71-e9b8-4515-92ab-cc8cc8e6ce1c,Original,E,Original,0,https://drive.google.com/file/d/1HAPG8T814QC3L6pJo2Jc1DzrTxWhXypM/view?usp=sharing,https://www.youtube.com/watch?v=TdMS20oszR4&list=RDTdMS20oszR4&start_radio=1&pp=ygUXYXTDqSBxdWUgbyBzZW5ob3IgdmVuaGGgBwE%3D,,,,false,2026-08-17 17:00:22.393314+00
e39d6018-74d7-4b0c-a021-4a470ed307f2,071cb9cb-80e8-4d2d-b41a-83a5bfe81060,Original,C#,Original,0,https://drive.google.com/file/d/1sQ1pbba2IcNMSGJCqbwC9vpIGUmrvNtE/view?usp=drive_link,https://www.youtube.com/watch?v=PxpEsjdAozE&list=RDPxpEsjdAozE&start_radio=1&pp=ygUTTk9WTyBESUEgTk9WTyBURU1QT6AHAQ%3D%3D,,,,false,2026-08-17 17:00:30.064573+00
e5ace886-e96b-4d95-9258-4873341eb044,68e9cc9f-f600-4eb7-aa8b-382df3fbaa7b,Original,C,Original,0,https://drive.google.com/file/d/1GVvR-EqQpbYv63TtU8-7eX4T6dAWJlYN/view?usp=drive_link,https://www.youtube.com/watch?v=QbnmpJo3DiI&list=RDQbnmpJo3DiI&start_radio=1&pp=ygULUVVFQlJBTlRBRE-gBwE%3D,,,,false,2026-08-17 17:00:31.838104+00
e8de38c9-8528-46b6-8e01-2cdf1ea8cae5,13d3da74-c87a-45d3-a0e0-ee3da80674f5,Original,A,Original,0,https://drive.google.com/file/d/1dtkKYI4bt33Zu-LymOUogKPs5IOqnGIM/view?usp=drive_link,https://youtu.be/MfzYPahyqYo,,,,false,2026-08-17 17:00:32.053196+00
ea3fc34c-42e6-4e69-bdce-1381b606635d,8d6114d0-fc3a-416d-b203-3b2074be7ab8,Original,G#,Original,0,https://drive.google.com/file/d/1FjGbt3JNRr0k94vFDGURhaBs4_4AavHQ/view?usp=drivesdk,https://www.youtube.com/watch?v=n0FBb6hnwTo&list=RDn0FBb6hnwTo&start_radio=1&pp=ygUWYm9uZGFkZSBkZSBkZXVzIGJldGhlbKAHAQ%3D%3D,,,,false,2026-08-17 17:00:23.302075+00
ee1d93c0-1907-456c-b8dc-5ccfacb05794,b859dbe2-c46f-4b13-bc03-10adad9fd445,Original,C,Original,0,https://drive.google.com/file/d/1YKIc1J4p6XjayGLioCTZ_kmAiw-EBzAL/view?usp=drivesdk,https://www.youtube.com/watch?v=0RjojWKqsFY&list=RD0RjojWKqsFY&start_radio=1&pp=ygUQcHJhIG9uZGUgZXUgaXJlaaAHAQ%3D%3D,,,,false,2026-08-17 17:00:31.312551+00
ee214930-10ee-4d86-9fd4-0577b1e8985b,392e93d7-d9f2-4eaa-bf5c-e08dbcfa014b,Original,B,Original,0,https://drive.google.com/file/d/1SRePiVYUkoY4EK1X0EsmVTsPmBSreQ0b/view?usp=drive_link,https://youtu.be/nh5IZj1OtNU?list=RDnh5IZj1OtNU,,,,false,2026-08-17 17:00:34.00402+00
f0a9aa20-9eef-450a-90ee-6ce7b0a846f3,54316140-e6f4-4036-9993-f6bb3ddc76b0,Original,D,Original,0,https://drive.google.com/file/d/1jiHOlCfeGKBH66P_lsgNq4p3luAYCizY/view?usp=sharing,https://www.youtube.com/watch?v=MeX0yHMs9Nk&list=RDMeX0yHMs9Nk&start_radio=1&pp=ygUhY29sb3NzZW5zZXMgZSBzdWFzIGxpbmhhcyBkZSBhbW9yoAcB,,,,false,2026-08-17 17:00:23.933188+00
f1440efd-92a4-4006-ba1d-71da64a637fb,3451566e-a6dc-47d6-9f90-d1f2544f400c,Original,A#,Original,0,VS NÃO DISPONIVEL,https://www.youtube.com/watch?v=XcRMIVrPZrQ&list=RDXcRMIVrPZrQ&start_radio=1&pp=ygUSU0UgREVVUyDDiSBQT1IgTk9ToAcB,,,,false,2026-08-17 17:00:32.695213+00
f517ce67-318c-4ca9-b4b7-60f7502f87a8,38938782-bbac-472b-8e3f-271c4ad0d140,Original,F#,Original,0,https://drive.google.com/file/d/1bq4-DmNexflj5oiLseyFHcBoZwMoGdfn/view?usp=drive_link,https://youtu.be/6NvkZY-va0E?si=6C7AyzJaJD_LmagG,,,,false,2026-08-17 17:00:34.10305+00
f8184e94-79f2-4f3c-87d0-8d505e10504f,e6b64762-574a-48a1-9db9-0b518a1cc054,Original,A,Original,0,https://drive.google.com/file/d/1LRG3QnE8ezR5nx3Qpgrn7Jw4sP3mVXmW/view?usp=drive_link,https://youtu.be/9lWbNfsnEbw?list=RD9lWbNfsnEbw,,,,false,2026-08-17 17:00:28.283072+00
f8bc7a0a-e120-41be-952d-1882fa295af1,ad2747b7-94fe-480a-b191-5acaabe5fa85,Original,C,Original,0,https://drive.google.com/file/d/1x7gKA_Kf1sawlA3aqUaemmk4A7poX0I7/view?usp=drive_link,https://youtu.be/XPxUfGfWtRA?list=RDXPxUfGfWtRA,,,,false,2026-08-17 17:00:28.397854+00
f9d956ca-a6b7-436d-a3f8-4320c69c93ef,a18b70c8-b8b7-4168-91f9-f5c2b9434963,Original,A,Original,0,https://drive.google.com/file/d/1Xrb7ZyHZE12xwZsr9zjhPcTeiLoatdKq/view?usp=drive_link,https://www.youtube.com/watch?v=vwA3HCRqLSo&list=RDvwA3HCRqLSo&start_radio=1&pp=ygUTTUlOSEFTIEdVRVJSQVMgQlJBU6AHAQ%3D%3D,,,,false,2026-08-17 17:00:29.43+00
fbb04925-12bd-481b-99c4-b126fc6c33a4,862a2ee4-3ee5-46a8-b110-d1969bf34297,Original,G,Original,0,https://drive.google.com/file/d/1X9r7R52DCqOEwCcg3OEzFGjdcm10JrVk/view?usp=drive_link,https://www.youtube.com/watch?v=k4EoMJfcv0Y&list=RDk4EoMJfcv0Y&start_radio=1&pp=ygUSVFVETyBBIFZFUiBDT00gRUxFoAcB,,,,false,2026-08-17 17:00:33.909372+00
fdaf6020-9781-492d-bbbe-234a6a56b9bd,cbac22ec-f359-443d-8454-33e5c6d49644,Original,D,Original,0,https://drive.google.com/file/d/1_Ta4Yq4rtEkTr4-VAoc4twXpHhS6viXS/view?usp=drive_link,https://youtu.be/wWU1Bn6wy9o?is=neW-AxZVfpPQ-QfU,,,,false,2026-08-17 17:00:22.0798+00
fdcc3c7d-82a5-4bc7-a783-8c9afc315e10,a8b034cd-be3b-4314-9e8f-05e732144aab,Original,C,Original,0,https://drive.google.com/file/d/135_h8CB5ejz2r_yAF7xKaaLnritDyMes/view?usp=sharing,https://www.youtube.com/watch?v=s1oU-6vYc4E&list=RDs1oU-6vYc4E&start_radio=1&pp=ygUDUklPoAcB,,,,false,2026-08-17 17:00:32.332758+00