id,profile_id,role_id,user_id
23673fc5-b40d-462f-a3ef-1e36e4911c9c,,24939a51-3150-4567-ab66-f931b11abee5,df39dae3-317c-4730-b271-76101e3d90a9
2cb1d461-1250-4f77-ab9f-5b4ad3c6e9ee,,22716b5c-b777-49e8-829b-9dccc41920e4,9d58eba5-3006-4747-84e6-6bd593c39655
43b4d0bc-d8f6-4360-b32b-126f4c0aef0c,,22716b5c-b777-49e8-829b-9dccc41920e4,df39dae3-317c-4730-b271-76101e3d90a9
536872a8-f3d5-4254-ae9d-fc3ea36711c8,9d58eba5-3006-4747-84e6-6bd593c39655,22716b5c-b777-49e8-829b-9dccc41920e4,
5b858902-7e81-4460-a0e9-73ac8d54f530,d9db2441-0299-4260-ba5c-e3c2975bede7,24939a51-3150-4567-ab66-f931b11abee5,
6757b162-e4c8-4b94-80a8-c582d483ea7f,b6727f8f-945e-478d-9ae0-1f5b6de6bdac,d4a6ebdc-403c-4f5d-ae7c-3bba5441a1e4,
74b11a4c-d5e0-4b5f-9e86-9d0be02336a1,d9db2441-0299-4260-ba5c-e3c2975bede7,d4a6ebdc-403c-4f5d-ae7c-3bba5441a1e4,
7709627a-011d-4978-9f3a-c05938313f66,9d58eba5-3006-4747-84e6-6bd593c39655,d4a6ebdc-403c-4f5d-ae7c-3bba5441a1e4,
7e479429-035a-4a52-b528-177c8ceb6f31,7745a761-64d2-46c8-a3ec-28351645326b,d4a6ebdc-403c-4f5d-ae7c-3bba5441a1e4,
9068ebb2-c535-45d6-9f7b-fa501ea05385,9d58eba5-3006-4747-84e6-6bd593c39655,b97b5413-7c0b-4331-a097-5573a44a1957,
9ab1b36d-3559-4eaf-9c27-18fdbfca7530,df39dae3-317c-4730-b271-76101e3d90a9,22716b5c-b777-49e8-829b-9dccc41920e4,
a53bb9b0-7c21-44da-b6d0-a6c6e3e1ef66,,2a8000b8-caa5-43e0-9727-b3ce68587e8d,df39dae3-317c-4730-b271-76101e3d90a9
a7a9afda-91c3-40e0-ba89-df1acda7cdab,,d4a6ebdc-403c-4f5d-ae7c-3bba5441a1e4,f18607c2-17d4-4648-956a-a69c5fefdae5
a7aa93df-20c0-495d-8fcf-05361216e215,df39dae3-317c-4730-b271-76101e3d90a9,2a8000b8-caa5-43e0-9727-b3ce68587e8d,
bae47154-9a48-473f-ba67-f8531447cb1a,,b97b5413-7c0b-4331-a097-5573a44a1957,9d58eba5-3006-4747-84e6-6bd593c39655
bd390518-674c-4b84-b2c0-c47088107361,847552ca-eccb-4c7e-babf-990d21c47365,b97b5413-7c0b-4331-a097-5573a44a1957,
d99b1cf6-77c2-4561-b994-8ab1f4c7cfff,f18607c2-17d4-4648-956a-a69c5fefdae5,d4a6ebdc-403c-4f5d-ae7c-3bba5441a1e4,
f488408d-5402-4df6-93c3-372bc94ce56d,,d4a6ebdc-403c-4f5d-ae7c-3bba5441a1e4,9d58eba5-3006-4747-84e6-6bd593c39655
faa8d87f-44cf-4977-a4be-3d323400db77,df39dae3-317c-4730-b271-76101e3d90a9,24939a51-3150-4567-ab66-f931b11abee5,